Action;12;1265;142;1609;2434;2349;2200;2037;1909;0;1797;1713;1645;1566;1502;1458;1412;1372;1325;1296
Action;0.000160;0.016884;0.001895;0.021475;0.032487;0.031352;0.029363;0.027188;0.025479;0.000000;0.023985;0.022863;0.021956;0.020901;0.020047;0.019460;0.018846;0.018312;0.017685;0.017298
Action;6574;4640;6349;4906;4310;4299;4320;4340;4385;6587;4409;4438;4484;4499;4529;4558;4578;4585;4602;4615
Action;0.087743;0.061930;0.084740;0.065481;0.057526;0.057379;0.057659;0.057926;0.058527;0.087917;0.058847;0.059234;0.059848;0.060048;0.060449;0.060836;0.061103;0.061196;0.061423;0.061597
Action;6586;5905;6491;6515;6744;6648;6520;6377;6294;6587;6206;6151;6129;6065;6031;6016;5990;5957;5927;5911
Action;0.087904;0.078814;0.086636;0.086956;0.090012;0.088731;0.087023;0.085114;0.084006;0.087917;0.082832;0.082098;0.081804;0.080950;0.080496;0.080296;0.079949;0.079508;0.079108;0.078894
Action;61775;65643;62225;65111;66303;66325;66283;66243;66153;61749;66105;66047;65955;65925;65865;65807;65767;65753;65719;65693
Action;0.824513;0.876140;0.830519;0.869039;0.884949;0.885242;0.884682;0.884148;0.882946;0.824166;0.882306;0.881532;0.880304;0.879903;0.879103;0.878328;0.877795;0.877608;0.877154;0.876807
Adult;0;0;0;0;0;0;0;0;0;0;0;0;0;0;0;0;0;0;0;0
Adult;0.000000;0.000000;0.000000;0.000000;0.000000;0.000000;0.000000;0.000000;0.000000;0.000000;0.000000;0.000000;0.000000;0.000000;0.000000;0.000000;0.000000;0.000000;0.000000;0.000000
Adult;548;548;548;548;548;548;548;548;548;548;548;548;548;548;548;548;548;548;548;548
Adult;0.007314;0.007314;0.007314;0.007314;0.007314;0.007314;0.007314;0.007314;0.007314;0.007314;0.007314;0.007314;0.007314;0.007314;0.007314;0.007314;0.007314;0.007314;0.007314;0.007314
Adult;548;548;548;548;548;548;548;548;548;548;548;548;548;548;548;548;548;548;548;548
Adult;0.007314;0.007314;0.007314;0.007314;0.007314;0.007314;0.007314;0.007314;0.007314;0.007314;0.007314;0.007314;0.007314;0.007314;0.007314;0.007314;0.007314;0.007314;0.007314;0.007314
Adult;73827;73827;73827;73827;73827;73827;73827;73827;73827;73827;73827;73827;73827;73827;73827;73827;73827;73827;73827;73827
Adult;0.985372;0.985372;0.985372;0.985372;0.985372;0.985372;0.985372;0.985372;0.985372;0.985372;0.985372;0.985372;0.985372;0.985372;0.985372;0.985372;0.985372;0.985372;0.985372;0.985372
Adventure;0;858;0;1;14;108;428;954;1378;0;1465;1415;1350;1264;1188;1105;1047;1001;934;893
Adventure;0.000000;0.011452;0.000000;0.000013;0.000187;0.001441;0.005713;0.012733;0.018392;0.000000;0.019553;0.018886;0.018018;0.016871;0.015856;0.014748;0.013974;0.013360;0.012466;0.011919
Adventure;4714;3821;4714;4714;4704;4621;4361;4013;3795;4714;3711;3696;3712;3717;3722;3742;3763;3777;3786;3811
Adventure;0.062918;0.050999;0.062918;0.062918;0.062784;0.061677;0.058206;0.053562;0.050652;0.062918;0.049531;0.049331;0.049544;0.049611;0.049678;0.049945;0.050225;0.050412;0.050532;0.050866
Adventure;4714;4679;4714;4715;4718;4729;4789;4967;5173;4714;5176;5111;5062;4981;4910;4847;4810;4778;4720;4704
Adventure;0.062918;0.062451;0.062918;0.062931;0.062971;0.063118;0.063919;0.066295;0.069044;0.062918;0.069084;0.068217;0.067563;0.066482;0.065534;0.064693;0.064199;0.063772;0.062998;0.062784
Adventure;65495;67281;65495;65495;65515;65681;66201;66897;67333;65495;67501;67531;67499;67489;67479;67439;67397;67369;67351;67301
Adventure;0.874164;0.898002;0.874164;0.874164;0.874431;0.876647;0.883587;0.892877;0.898696;0.874164;0.900938;0.901339;0.900912;0.900778;0.900645;0.900111;0.899550;0.899176;0.898936;0.898269
Animation;0;663;0;0;0;0;0;0;8;0;16;27;60;112;197;310;426;522;616;651
Animation;0.000000;0.008849;0.000000;0.000000;0.000000;0.000000;0.000000;0.000000;0.000107;0.000000;0.000214;0.000360;0.000801;0.001495;0.002629;0.004138;0.005686;0.006967;0.008222;0.008689
Animation;4153;2716;4153;4152;4145;4139;4119;4085;4045;4153;3974;3864;3727;3561;3383;3210;3031;2891;2785;2747
Animation;0.055430;0.036251;0.055430;0.055417;0.055323;0.055243;0.054976;0.054523;0.053989;0.055430;0.053041;0.051573;0.049744;0.047529;0.045153;0.042844;0.040455;0.038586;0.037171;0.036664
Animation;4153;3379;4153;4152;4145;4139;4119;4085;4053;4153;3990;3891;3787;3673;3580;3520;3457;3413;3401;3398
Animation;0.055430;0.045100;0.055430;0.055417;0.055323;0.055243;0.054976;0.054523;0.054096;0.055430;0.053255;0.051933;0.050545;0.049024;0.047782;0.046982;0.046141;0.045553;0.045393;0.045353
Animation;66617;69491;66617;66619;66633;66645;66685;66753;66833;66617;66975;67195;67469;67801;68157;68503;68861;69141;69353;69429
Animation;0.889140;0.927499;0.889140;0.889166;0.889353;0.889513;0.890047;0.890955;0.892022;0.889140;0.893918;0.896854;0.900511;0.904942;0.909694;0.914312;0.919090;0.922827;0.925657;0.926671
Biography;0;938;0;0;2;3;11;46;116;0;247;427;642;828;944;1017;1028;1028;998;979
Biography;0.000000;0.012520;0.000000;0.000000;0.000027;0.000040;0.000147;0.000614;0.001548;0.000000;0.003297;0.005699;0.008569;0.011051;0.012600;0.013574;0.013721;0.013721;0.013320;0.013067
Biography;3648;3224;3648;3648;3647;3646;3644;3636;3622;3648;3580;3520;3437;3376;3334;3292;3256;3239;3229;3222
Biography;0.048690;0.043031;0.048690;0.048690;0.048677;0.048663;0.048637;0.048530;0.048343;0.048690;0.047782;0.046982;0.045874;0.045060;0.044499;0.043938;0.043458;0.043231;0.043098;0.043004
Biography;3648;4162;3648;3648;3649;3649;3655;3682;3738;3648;3827;3947;4079;4204;4278;4309;4284;4267;4227;4201
Biography;0.048690;0.055550;0.048690;0.048690;0.048703;0.048703;0.048783;0.049144;0.049891;0.048690;0.051079;0.052681;0.054443;0.056111;0.057099;0.057512;0.057179;0.056952;0.056418;0.056071
Biography;67627;68475;67627;67627;67629;67631;67635;67651;67679;67627;67763;67883;68049;68171;68255;68339;68411;68445;68465;68479
Biography;0.902620;0.913938;0.902620;0.902620;0.902647;0.902673;0.902727;0.902940;0.903314;0.902620;0.904435;0.906037;0.908252;0.909881;0.911002;0.912123;0.913084;0.913538;0.913805;0.913992
Comedy;6685;3537;1174;5798;2975;3624;3280;3555;3129;3994;3420;3235;3557;3125;3430;3287;3564;3136;3468;3333
Comedy;0.089225;0.047208;0.015669;0.077386;0.039707;0.048370;0.043778;0.047449;0.041763;0.053308;0.045647;0.043178;0.047475;0.041709;0.045780;0.043872;0.047569;0.041856;0.046288;0.044486
Comedy;7973;9204;14121;7935;10442;9512;9830;9439;9888;11312;9476;9681;9285;9781;9406;9559;9190;9733;9305;9461
Comedy;0.106416;0.122846;0.188473;0.105909;0.139370;0.126957;0.131201;0.125983;0.131975;0.150982;0.126477;0.129213;0.123927;0.130547;0.125542;0.127584;0.122659;0.129907;0.124194;0.126276
Comedy;14658;12741;15295;13733;13417;13136;13110;12994;13017;15306;12896;12916;12842;12906;12836;12846;12754;12869;12773;12794
Comedy;0.195641;0.170055;0.204143;0.183295;0.179077;0.175327;0.174980;0.173431;0.173738;0.204290;0.172123;0.172390;0.171403;0.172257;0.171323;0.171456;0.170228;0.171763;0.170482;0.170762
Comedy;58977;56515;46681;59053;54039;55899;55263;56045;55147;52299;55971;55561;56353;55361;56111;55805;56543;55457;56313;56001
Comedy;0.787168;0.754308;0.623053;0.788183;0.721260;0.746086;0.737597;0.748035;0.736049;0.698037;0.747047;0.741575;0.752146;0.738905;0.748916;0.744831;0.754681;0.740187;0.751612;0.747447
Crime;0;1307;6;51;393;1207;1766;1866;1859;0;1806;1736;1665;1618;1569;1527;1482;1434;1387;1343
Crime;0.000000;0.017445;0.000080;0.000681;0.005245;0.016110;0.023571;0.024906;0.024812;0.000000;0.024105;0.023170;0.022223;0.021596;0.020941;0.020381;0.019780;0.019140;0.018512;0.017925
Crime;4970;3527;4964;4896;4523;3866;3494;3410;3392;4970;3383;3389;3401;3403;3414;3438;3453;3470;3490;3508
Crime;0.066335;0.047075;0.066255;0.065347;0.060369;0.051600;0.046635;0.045513;0.045273;0.066335;0.045153;0.045233;0.045393;0.045420;0.045567;0.045887;0.046087;0.046314;0.046581;0.046821
Crime;4970;4834;4970;4947;4916;5073;5260;5276;5251;4970;5189;5125;5066;5021;4983;4965;4935;4904;4877;4851
Crime;0.066335;0.064520;0.066335;0.066028;0.065614;0.067710;0.070205;0.070419;0.070085;0.066335;0.069258;0.068404;0.067616;0.067015;0.066508;0.066268;0.065868;0.065454;0.065093;0.064746
Crime;64983;67869;64995;65131;65877;67191;67935;68103;68139;64983;68157;68145;68121;68117;68095;68047;68017;67983;67943;67907
Crime;0.867330;0.905850;0.867491;0.869306;0.879263;0.896801;0.906731;0.908973;0.909454;0.867330;0.909694;0.909534;0.909213;0.909160;0.908866;0.908226;0.907825;0.907372;0.906838;0.906357
Documentary;4419;2773;4212;3933;3708;3519;3400;3308;3218;2279;3158;3094;3040;2986;2944;2906;2864;2838;2811;2792
Documentary;0.058981;0.037011;0.056218;0.052494;0.049491;0.046968;0.045380;0.044152;0.042951;0.030418;0.042150;0.041296;0.040575;0.039854;0.039294;0.038786;0.038226;0.037879;0.037519;0.037265
Documentary;4659;3556;4345;4181;4045;3934;3855;3789;3749;8307;3714;3696;3671;3637;3610;3592;3580;3566;3568;3552
Documentary;0.062184;0.047462;0.057993;0.055804;0.053989;0.052507;0.051453;0.050572;0.050038;0.110874;0.049571;0.049331;0.048997;0.048543;0.048183;0.047943;0.047782;0.047596;0.047622;0.047409
Documentary;9078;6329;8557;8114;7753;7453;7255;7097;6967;10586;6872;6790;6711;6623;6554;6498;6444;6404;6379;6344
Documentary;0.121164;0.084473;0.114211;0.108298;0.103480;0.099475;0.096833;0.094724;0.092989;0.141292;0.091721;0.090626;0.089572;0.088397;0.087476;0.086729;0.086008;0.085474;0.085141;0.084674
Documentary;65605;67811;66233;66561;66833;67055;67213;67345;67425;58309;67495;67531;67581;67649;67703;67739;67763;67791;67787;67819
Documentary;0.875632;0.905076;0.884014;0.888392;0.892022;0.894986;0.897094;0.898856;0.899924;0.778252;0.900858;0.901339;0.902006;0.902914;0.903634;0.904115;0.904435;0.904809;0.904756;0.905183
Drama;19532;8811;3426;15011;5550;11152;7724;9124;8342;2699;9286;7722;9385;8224;8834;8168;9393;7914;8994;8515
Drama;0.260694;0.117601;0.045727;0.200352;0.074076;0.148846;0.103093;0.121778;0.111341;0.036024;0.123941;0.103066;0.125262;0.109766;0.117908;0.109019;0.125369;0.105628;0.120043;0.113650
Drama;4773;10190;18966;6360;14605;8534;11484;10062;10694;22946;9820;11274;9693;10756;10137;10786;9662;11003;10013;10465
Drama;0.063705;0.136006;0.253140;0.084887;0.194933;0.113904;0.153277;0.134298;0.142733;0.306261;0.131068;0.150474;0.129373;0.143561;0.135299;0.143961;0.128959;0.146857;0.133644;0.139677
Drama;24305;19001;22392;21371;20155;19686;19208;19186;19036;25645;19106;18996;19078;18980;18971;18954;19055;18917;19007;18980
Drama;0.324400;0.253607;0.298867;0.285240;0.269010;0.262750;0.256370;0.256076;0.254074;0.342285;0.255008;0.253540;0.254635;0.253327;0.253207;0.252980;0.254328;0.252486;0.253687;0.253327
Drama;65377;54543;36991;62203;45713;57855;51955;54799;53535;29031;55283;52375;55537;53411;54649;53351;55599;52917;54897;53993
Drama;0.872589;0.727987;0.493720;0.830226;0.610133;0.772193;0.693445;0.731404;0.714534;0.387478;0.737864;0.699051;0.741254;0.712879;0.729402;0.712078;0.742082;0.706285;0.732712;0.720647
Family;0;412;0;0;4;24;193;635;812;0;768;704;652;612;570;538;499;479;451;431
Family;0.000000;0.005499;0.000000;0.000000;0.000053;0.000320;0.002576;0.008475;0.010838;0.000000;0.010251;0.009396;0.008702;0.008168;0.007608;0.007181;0.006660;0.006393;0.006020;0.005753
Family;5522;4746;5522;5513;5485;5414;5182;4788;4612;5522;4610;4627;4651;4671;4692;4701;4716;4726;4731;4737
Family;0.073702;0.063345;0.073702;0.073582;0.073208;0.072261;0.069164;0.063906;0.061557;0.073702;0.061530;0.061757;0.062077;0.062344;0.062624;0.062744;0.062945;0.063078;0.063145;0.063225
Family;5522;5158;5522;5513;5489;5438;5375;5423;5424;5522;5378;5331;5303;5283;5262;5239;5215;5205;5182;5168
Family;0.073702;0.068844;0.073702;0.073582;0.073262;0.072581;0.071740;0.072381;0.072394;0.073702;0.071780;0.071153;0.070779;0.070512;0.070232;0.069925;0.069605;0.069471;0.069164;0.068977
Family;63879;65431;63879;63897;63953;64095;64559;65347;65699;63879;65703;65669;65621;65581;65539;65521;65491;65471;65461;65449
Family;0.852595;0.873310;0.852595;0.852836;0.853583;0.855478;0.861671;0.872189;0.876887;0.852595;0.876940;0.876487;0.875846;0.875312;0.874751;0.874511;0.874111;0.873844;0.873710;0.873550
Fantasy;0;709;0;0;0;0;1;8;22;0;60;171;302;497;695;826;857;838;796;745
Fantasy;0.000000;0.009463;0.000000;0.000000;0.000000;0.000000;0.000013;0.000107;0.000294;0.000000;0.000801;0.002282;0.004031;0.006633;0.009276;0.011025;0.011438;0.011185;0.010624;0.009944
Fantasy;3737;3186;3737;3737;3737;3736;3732;3729;3705;3737;3679;3611;3508;3373;3257;3188;3163;3163;3167;3178
Fantasy;0.049878;0.042524;0.049878;0.049878;0.049878;0.049865;0.049811;0.049771;0.049451;0.049878;0.049104;0.048196;0.046821;0.045020;0.043471;0.042550;0.042217;0.042217;0.042270;0.042417
Fantasy;3737;3895;3737;3737;3737;3736;3733;3737;3727;3737;3739;3782;3810;3870;3952;4014;4020;4001;3963;3923
Fantasy;0.049878;0.051987;0.049878;0.049878;0.049878;0.049865;0.049824;0.049878;0.049744;0.049878;0.049905;0.050478;0.050852;0.051653;0.052747;0.053575;0.053655;0.053401;0.052894;0.052360
Fantasy;67449;68551;67449;67449;67449;67451;67459;67465;67513;67449;67565;67701;67907;68177;68409;68547;68597;68597;68589;68567
Fantasy;0.900244;0.914953;0.900244;0.900244;0.900244;0.900271;0.900378;0.900458;0.901098;0.900244;0.901793;0.903608;0.906357;0.909961;0.913057;0.914899;0.915567;0.915567;0.915460;0.915166
History;0;1140;0;0;0;0;5;19;55;0;125;251;397;576;732;868;953;1046;1116;1135
History;0.000000;0.015216;0.000000;0.000000;0.000000;0.000000;0.000067;0.000254;0.000734;0.000000;0.001668;0.003350;0.005299;0.007688;0.009770;0.011585;0.012720;0.013961;0.014895;0.015149
History;3223;2706;3223;3223;3223;3222;3217;3209;3190;3223;3158;3112;3043;2954;2897;2847;2799;2760;2740;2719
History;0.043017;0.036117;0.043017;0.043017;0.043017;0.043004;0.042937;0.042831;0.042577;0.043017;0.042150;0.041536;0.040615;0.039427;0.038666;0.037999;0.037358;0.036838;0.036571;0.036291
History;3223;3846;3223;3223;3223;3222;3222;3228;3245;3223;3283;3363;3440;3530;3629;3715;3752;3806;3856;3854
History;0.043017;0.051333;0.043017;0.043017;0.043017;0.043004;0.043004;0.043084;0.043311;0.043017;0.043818;0.044886;0.045914;0.047115;0.048436;0.049584;0.050078;0.050799;0.051466;0.051439
History;68477;69511;68477;68477;68477;68479;68489;68505;68543;68477;68607;68699;68837;69015;69129;69229;69325;69403;69443;69485
History;0.913965;0.927766;0.913965;0.913965;0.913965;0.913992;0.914125;0.914339;0.914846;0.913965;0.915700;0.916928;0.918770;0.921146;0.922667;0.924002;0.925283;0.926324;0.926858;0.927419
Horror;0;1044;0;1;13;92;394;934;1296;0;1360;1363;1327;1279;1238;1201;1168;1131;1094;1068
Horror;0.000000;0.013934;0.000000;0.000013;0.000174;0.001228;0.005259;0.012466;0.017298;0.000000;0.018152;0.018192;0.017712;0.017071;0.016524;0.016030;0.015589;0.015095;0.014602;0.014255
Horror;5098;3000;5097;5092;5046;4825;4236;3542;3173;5098;3082;3038;3030;3026;3015;3009;3006;3003;3002;3002
Horror;0.068043;0.040041;0.068030;0.067963;0.067349;0.064399;0.056538;0.047275;0.042350;0.068043;0.041136;0.040548;0.040442;0.040388;0.040241;0.040161;0.040121;0.040081;0.040068;0.040068
Horror;5098;4044;5097;5093;5059;4917;4630;4476;4469;5098;4442;4401;4357;4305;4253;4210;4174;4134;4096;4070
Horror;0.068043;0.053975;0.068030;0.067976;0.067523;0.065627;0.061797;0.059741;0.059648;0.068043;0.059288;0.058740;0.058153;0.057459;0.056765;0.056191;0.055711;0.055177;0.054669;0.054322
Horror;64727;68923;64729;64739;64831;65273;66451;67839;68577;64727;68759;68847;68863;68871;68893;68905;68911;68917;68919;68919
Horror;0.863914;0.919918;0.863940;0.864074;0.865302;0.871201;0.886924;0.905450;0.915300;0.863914;0.917729;0.918903;0.919117;0.919224;0.919517;0.919678;0.919758;0.919838;0.919864;0.919864
Music;0;742;0;1;10;25;44;76;115;0;169;224;279;341;410;482;552;605;655;706
Music;0.000000;0.009904;0.000000;0.000013;0.000133;0.000334;0.000587;0.001014;0.001535;0.000000;0.002256;0.002990;0.003724;0.004551;0.005472;0.006433;0.007368;0.008075;0.008742;0.009423
Music;3021;2082;3019;3014;2996;2962;2925;2862;2798;3022;2716;2636;2547;2468;2395;2323;2268;2208;2161;2115
Music;0.040321;0.027789;0.040295;0.040228;0.039988;0.039534;0.039040;0.038199;0.037345;0.040335;0.036251;0.035183;0.033995;0.032940;0.031966;0.031005;0.030271;0.029470;0.028843;0.028229
Music;3021;2824;3019;3015;3006;2987;2969;2938;2913;3022;2885;2860;2826;2809;2805;2805;2820;2813;2816;2821
Music;0.040321;0.037692;0.040295;0.040241;0.040121;0.039868;0.039627;0.039214;0.038880;0.040335;0.038506;0.038173;0.037719;0.037492;0.037438;0.037438;0.037639;0.037545;0.037585;0.037652
Music;68881;70759;68885;68895;68931;68999;69073;69199;69327;68879;69491;69651;69829;69987;70133;70277;70387;70507;70601;70693
Music;0.919357;0.944423;0.919411;0.919544;0.920025;0.920932;0.921920;0.923602;0.925310;0.919331;0.927499;0.929634;0.932010;0.934119;0.936068;0.937990;0.939458;0.941059;0.942314;0.943542
Musical;0;4;0;0;0;0;0;0;0;0;1;1;1;1;1;1;1;1;1;2
Musical;0.000000;0.000053;0.000000;0.000000;0.000000;0.000000;0.000000;0.000000;0.000000;0.000000;0.000013;0.000013;0.000013;0.000013;0.000013;0.000013;0.000013;0.000013;0.000013;0.000027
Musical;1482;1481;1482;1482;1482;1482;1482;1482;1482;1482;1482;1482;1482;1482;1482;1482;1482;1482;1482;1482
Musical;0.019780;0.019767;0.019780;0.019780;0.019780;0.019780;0.019780;0.019780;0.019780;0.019780;0.019780;0.019780;0.019780;0.019780;0.019780;0.019780;0.019780;0.019780;0.019780;0.019780
Musical;1482;1485;1482;1482;1482;1482;1482;1482;1482;1482;1483;1483;1483;1483;1483;1483;1483;1483;1483;1484
Musical;0.019780;0.019820;0.019780;0.019780;0.019780;0.019780;0.019780;0.019780;0.019780;0.019780;0.019794;0.019794;0.019794;0.019794;0.019794;0.019794;0.019794;0.019794;0.019794;0.019807
Musical;71959;71961;71959;71959;71959;71959;71959;71959;71959;71959;71959;71959;71959;71959;71959;71959;71959;71959;71959;71959
Musical;0.960439;0.960466;0.960439;0.960439;0.960439;0.960439;0.960439;0.960439;0.960439;0.960439;0.960439;0.960439;0.960439;0.960439;0.960439;0.960439;0.960439;0.960439;0.960439;0.960439
Mystery;0;849;0;0;1;3;7;24;74;0;228;498;812;1014;1076;1064;1021;980;935;889
Mystery;0.000000;0.011332;0.000000;0.000000;0.000013;0.000040;0.000093;0.000320;0.000988;0.000000;0.003043;0.006647;0.010838;0.013534;0.014361;0.014201;0.013627;0.013080;0.012479;0.011866
Mystery;3533;3030;3533;3533;3532;3531;3529;3509;3478;3533;3386;3245;3091;2992;2968;2969;2978;2985;2995;3012
Mystery;0.047155;0.040442;0.047155;0.047155;0.047142;0.047128;0.047102;0.046835;0.046421;0.047155;0.045193;0.043311;0.041256;0.039934;0.039614;0.039627;0.039747;0.039841;0.039974;0.040201
Mystery;3533;3879;3533;3533;3533;3534;3536;3533;3552;3533;3614;3743;3903;4006;4044;4033;3999;3965;3930;3901
Mystery;0.047155;0.051773;0.047155;0.047155;0.047155;0.047168;0.047195;0.047155;0.047409;0.047155;0.048236;0.049958;0.052093;0.053468;0.053975;0.053829;0.053375;0.052921;0.052454;0.052067
Mystery;67857;68863;67857;67857;67859;67861;67865;67905;67967;67857;68151;68433;68741;68939;68987;68985;68967;68953;68933;68899
Mystery;0.905690;0.919117;0.905690;0.905690;0.905717;0.905743;0.905797;0.906330;0.907158;0.905690;0.909614;0.913378;0.917489;0.920131;0.920772;0.920745;0.920505;0.920318;0.920051;0.919597
News;0;0;0;0;0;0;0;0;0;0;0;0;0;0;0;0;0;0;0;0
News;0.000000;0.000000;0.000000;0.000000;0.000000;0.000000;0.000000;0.000000;0.000000;0.000000;0.000000;0.000000;0.000000;0.000000;0.000000;0.000000;0.000000;0.000000;0.000000;0.000000
News;1374;1374;1374;1374;1374;1374;1374;1374;1374;1374;1374;1374;1374;1374;1374;1374;1374;1374;1374;1374
News;0.018339;0.018339;0.018339;0.018339;0.018339;0.018339;0.018339;0.018339;0.018339;0.018339;0.018339;0.018339;0.018339;0.018339;0.018339;0.018339;0.018339;0.018339;0.018339;0.018339
News;1374;1374;1374;1374;1374;1374;1374;1374;1374;1374;1374;1374;1374;1374;1374;1374;1374;1374;1374;1374
News;0.018339;0.018339;0.018339;0.018339;0.018339;0.018339;0.018339;0.018339;0.018339;0.018339;0.018339;0.018339;0.018339;0.018339;0.018339;0.018339;0.018339;0.018339;0.018339;0.018339
News;72175;72175;72175;72175;72175;72175;72175;72175;72175;72175;72175;72175;72175;72175;72175;72175;72175;72175;72175;72175
News;0.963322;0.963322;0.963322;0.963322;0.963322;0.963322;0.963322;0.963322;0.963322;0.963322;0.963322;0.963322;0.963322;0.963322;0.963322;0.963322;0.963322;0.963322;0.963322;0.963322
Reality-TV;0;0;0;0;0;0;0;0;0;0;0;0;0;0;0;0;0;0;0;0
Reality-TV;0.000000;0.000000;0.000000;0.000000;0.000000;0.000000;0.000000;0.000000;0.000000;0.000000;0.000000;0.000000;0.000000;0.000000;0.000000;0.000000;0.000000;0.000000;0.000000;0.000000
Reality-TV;637;637;637;637;637;637;637;637;637;637;637;637;637;637;637;637;637;637;637;637
Reality-TV;0.008502;0.008502;0.008502;0.008502;0.008502;0.008502;0.008502;0.008502;0.008502;0.008502;0.008502;0.008502;0.008502;0.008502;0.008502;0.008502;0.008502;0.008502;0.008502;0.008502
Reality-TV;637;637;637;637;637;637;637;637;637;637;637;637;637;637;637;637;637;637;637;637
Reality-TV;0.008502;0.008502;0.008502;0.008502;0.008502;0.008502;0.008502;0.008502;0.008502;0.008502;0.008502;0.008502;0.008502;0.008502;0.008502;0.008502;0.008502;0.008502;0.008502;0.008502
Reality-TV;73649;73649;73649;73649;73649;73649;73649;73649;73649;73649;73649;73649;73649;73649;73649;73649;73649;73649;73649;73649
Reality-TV;0.982996;0.982996;0.982996;0.982996;0.982996;0.982996;0.982996;0.982996;0.982996;0.982996;0.982996;0.982996;0.982996;0.982996;0.982996;0.982996;0.982996;0.982996;0.982996;0.982996
Romance;63;1182;2404;2391;2218;2052;1887;1762;1642;0;1542;1462;1406;1326;1301;1248;1249;1213;1209;1166
Romance;0.000841;0.015776;0.032086;0.031913;0.029604;0.027388;0.025186;0.023517;0.021916;0.000000;0.020581;0.019513;0.018766;0.017698;0.017364;0.016657;0.016670;0.016190;0.016137;0.015563
Romance;7397;6188;5970;5710;5707;5750;5805;5873;5924;7467;5980;6039;6066;6109;6119;6154;6154;6190;6182;6213
Romance;0.098728;0.082591;0.079682;0.076212;0.076172;0.076745;0.077480;0.078387;0.079068;0.099662;0.079815;0.080603;0.080963;0.081537;0.081671;0.082138;0.082138;0.082618;0.082511;0.082925
Romance;7460;7370;8374;8101;7925;7802;7692;7635;7566;7467;7522;7501;7472;7435;7420;7402;7403;7403;7391;7379
Romance;0.099569;0.098368;0.111768;0.108124;0.105775;0.104134;0.102665;0.101905;0.100984;0.099662;0.100396;0.100116;0.099729;0.099235;0.099035;0.098795;0.098808;0.098808;0.098648;0.098488
Romance;60129;62547;62983;63503;63509;63423;63313;63177;63075;59989;62963;62845;62791;62705;62685;62615;62615;62543;62559;62497
Romance;0.802544;0.834817;0.840636;0.847577;0.847657;0.846509;0.845041;0.843226;0.841864;0.800675;0.840369;0.838794;0.838074;0.836926;0.836659;0.835725;0.835725;0.834764;0.834977;0.834150
Sci-Fi;0;1003;0;1;1;7;30;61;114;0;190;294;453;597;731;868;935;995;1023;1021
Sci-Fi;0.000000;0.013387;0.000000;0.000013;0.000013;0.000093;0.000400;0.000814;0.001522;0.000000;0.002536;0.003924;0.006046;0.007968;0.009757;0.011585;0.012479;0.013280;0.013654;0.013627
Sci-Fi;3499;2149;3498;3497;3483;3441;3383;3295;3165;3499;2995;2821;2658;2507;2405;2306;2251;2215;2178;2161
Sci-Fi;0.046701;0.028683;0.046688;0.046675;0.046488;0.045927;0.045153;0.043978;0.042243;0.046701;0.039974;0.037652;0.035476;0.033461;0.032100;0.030778;0.030044;0.029564;0.029070;0.028843
Sci-Fi;3499;3152;3498;3498;3484;3448;3413;3356;3279;3499;3185;3115;3111;3104;3136;3174;3186;3210;3201;3182
Sci-Fi;0.046701;0.042070;0.046688;0.046688;0.046501;0.046021;0.045553;0.044793;0.043765;0.046701;0.042510;0.041576;0.041523;0.041429;0.041856;0.042363;0.042524;0.042844;0.042724;0.042470
Sci-Fi;67925;70625;67927;67929;67957;68041;68157;68333;68593;67925;68933;69281;69607;69909;70113;70311;70421;70493;70567;70601
Sci-Fi;0.906597;0.942634;0.906624;0.906651;0.907025;0.908146;0.909694;0.912043;0.915513;0.906597;0.920051;0.924696;0.929047;0.933078;0.935801;0.938443;0.939912;0.940873;0.941860;0.942314
Sport;5;19;7;7;7;8;8;8;11;1;11;11;12;12;12;12;12;14;15;16
Sport;0.000067;0.000254;0.000093;0.000093;0.000093;0.000107;0.000107;0.000107;0.000147;0.000013;0.000147;0.000147;0.000160;0.000160;0.000160;0.000160;0.000160;0.000187;0.000200;0.000214
Sport;1528;1496;1521;1518;1515;1515;1514;1512;1512;1543;1512;1510;1510;1510;1510;1509;1509;1508;1505;1499
Sport;0.020394;0.019967;0.020301;0.020261;0.020221;0.020221;0.020207;0.020181;0.020181;0.020594;0.020181;0.020154;0.020154;0.020154;0.020154;0.020141;0.020141;0.020127;0.020087;0.020007
Sport;1533;1515;1528;1525;1522;1523;1522;1520;1523;1544;1523;1521;1522;1522;1522;1521;1521;1522;1520;1515
Sport;0.020461;0.020221;0.020394;0.020354;0.020314;0.020328;0.020314;0.020287;0.020328;0.020608;0.020328;0.020301;0.020314;0.020314;0.020314;0.020301;0.020301;0.020314;0.020287;0.020221
Sport;71867;71931;71881;71887;71893;71893;71895;71899;71899;71837;71899;71903;71903;71903;71903;71905;71905;71907;71913;71925
Sport;0.959211;0.960066;0.959398;0.959478;0.959558;0.959558;0.959585;0.959639;0.959639;0.958811;0.959639;0.959692;0.959692;0.959692;0.959692;0.959719;0.959719;0.959745;0.959825;0.959986
Thriller;1;1242;780;2417;2219;2029;1881;1760;1656;0;1589;1502;1454;1389;1355;1311;1296;1254;1254;1233
Thriller;0.000013;0.016577;0.010411;0.032260;0.029617;0.027081;0.025106;0.023491;0.022103;0.000000;0.021208;0.020047;0.019407;0.018539;0.018085;0.017498;0.017298;0.016737;0.016737;0.016457
Thriller;7457;6057;6739;5604;5623;5678;5726;5785;5813;7460;5853;5883;5909;5951;5972;5999;6010;6040;6036;6064
Thriller;0.099529;0.080843;0.089946;0.074797;0.075050;0.075784;0.076425;0.077213;0.077586;0.099569;0.078120;0.078521;0.078868;0.079428;0.079709;0.080069;0.080216;0.080616;0.080563;0.080936
Thriller;7458;7299;7519;8021;7842;7707;7607;7545;7469;7460;7442;7385;7363;7340;7327;7310;7306;7294;7290;7297
Thriller;0.099542;0.097420;0.100356;0.107057;0.104667;0.102866;0.101531;0.100703;0.099689;0.099569;0.099329;0.098568;0.098274;0.097967;0.097794;0.097567;0.097513;0.097353;0.097300;0.097393
Thriller;60009;62809;61445;63715;63677;63567;63471;63353;63297;60003;63217;63157;63105;63021;62979;62925;62903;62843;62851;62795
Thriller;0.800942;0.838314;0.820109;0.850406;0.849899;0.848431;0.847150;0.845575;0.844827;0.800862;0.843760;0.842959;0.842265;0.841144;0.840583;0.839862;0.839569;0.838768;0.838875;0.838127
War;0;245;0;0;0;0;0;4;10;0;17;25;34;52;69;85;116;158;178;217
War;0.000000;0.003270;0.000000;0.000000;0.000000;0.000000;0.000000;0.000053;0.000133;0.000000;0.000227;0.000334;0.000454;0.000694;0.000921;0.001134;0.001548;0.002109;0.002376;0.002896
War;2016;1727;2016;2016;2016;2016;2010;2004;1998;2016;1989;1974;1957;1937;1915;1890;1862;1833;1795;1762
War;0.026908;0.023050;0.026908;0.026908;0.026908;0.026908;0.026828;0.026747;0.026667;0.026908;0.026547;0.026347;0.026120;0.025853;0.025560;0.025226;0.024852;0.024465;0.023958;0.023517
War;2016;1972;2016;2016;2016;2016;2010;2008;2008;2016;2006;1999;1991;1989;1984;1975;1978;1991;1973;1979
War;0.026908;0.026320;0.026908;0.026908;0.026908;0.026908;0.026828;0.026801;0.026801;0.026908;0.026774;0.026681;0.026574;0.026547;0.026481;0.026360;0.026400;0.026574;0.026334;0.026414
War;70891;71469;70891;70891;70891;70891;70903;70915;70927;70891;70945;70975;71009;71049;71093;71143;71199;71257;71333;71399
War;0.946185;0.953899;0.946185;0.946185;0.946185;0.946185;0.946345;0.946505;0.946665;0.946185;0.946905;0.947306;0.947760;0.948294;0.948881;0.949548;0.950296;0.951070;0.952084;0.952965
Western;0;97;0;0;0;1;1;2;3;0;4;7;11;16;17;23;35;48;62;81
Western;0.000000;0.001295;0.000000;0.000000;0.000000;0.000013;0.000013;0.000027;0.000040;0.000000;0.000053;0.000093;0.000147;0.000214;0.000227;0.000307;0.000467;0.000641;0.000828;0.001081
Western;1774;1185;1774;1774;1771;1766;1758;1744;1722;1774;1694;1637;1579;1543;1480;1423;1373;1318;1281;1228
Western;0.023678;0.015816;0.023678;0.023678;0.023638;0.023571;0.023464;0.023277;0.022984;0.023678;0.022610;0.021849;0.021075;0.020594;0.019754;0.018993;0.018325;0.017591;0.017098;0.016390
Western;1774;1282;1774;1774;1771;1767;1759;1746;1725;1774;1698;1644;1590;1559;1497;1446;1408;1366;1343;1309
Western;0.023678;0.017111;0.023678;0.023678;0.023638;0.023584;0.023477;0.023304;0.023024;0.023678;0.022663;0.021943;0.021222;0.020808;0.019981;0.019300;0.018793;0.018232;0.017925;0.017471
Western;71375;72553;71375;71375;71381;71391;71407;71435;71479;71375;71535;71649;71765;71837;71963;72077;72177;72287;72361;72467
Western;0.952645;0.968368;0.952645;0.952645;0.952725;0.952858;0.953072;0.953446;0.954033;0.952645;0.954780;0.956302;0.957850;0.958811;0.960493;0.962014;0.963349;0.964817;0.965805;0.967220
