Action;0;2;9;4;6;7;7;7;7;9;1;8;10;11;11;11;11;11;11;11;11
Action;0.000000;0.000064;0.000288;0.000128;0.000192;0.000224;0.000224;0.000224;0.000224;0.000288;0.000032;0.000256;0.000320;0.000352;0.000352;0.000352;0.000352;0.000352;0.000352;0.000352;0.000352
Action;3704;2558;1898;1833;1822;1833;1856;1863;1875;1861;3001;1875;1854;1890;1867;1909;1877;1917;1861;1884;1848
Action;0.118448;0.081801;0.060695;0.058617;0.058265;0.058617;0.059352;0.059576;0.059960;0.059512;0.095968;0.059960;0.059288;0.060439;0.059704;0.061047;0.060024;0.061303;0.059512;0.060248;0.059096
Action;3704;2560;1907;1837;1828;1840;1863;1870;1882;1870;3002;1883;1864;1901;1878;1920;1888;1928;1872;1895;1859
Action;0.118448;0.081865;0.060983;0.058745;0.058457;0.058840;0.059576;0.059800;0.060184;0.059800;0.095999;0.060216;0.059608;0.060791;0.060056;0.061399;0.060375;0.061655;0.059864;0.060599;0.059448
Action;23863;26155;27475;27605;27627;27605;27559;27545;27521;27549;25269;27521;27563;27491;27537;27453;27517;27437;27549;27503;27575
Action;0.763103;0.836398;0.878610;0.882767;0.883470;0.882767;0.881296;0.880848;0.880081;0.880976;0.808065;0.880081;0.881424;0.879121;0.880592;0.877906;0.879953;0.877394;0.880976;0.879505;0.881807
Adult;0;0;0;0;0;0;0;0;0;0;0;0;0;0;0;0;0;0;0;0;0
Adult;0.000000;0.000000;0.000000;0.000000;0.000000;0.000000;0.000000;0.000000;0.000000;0.000000;0.000000;0.000000;0.000000;0.000000;0.000000;0.000000;0.000000;0.000000;0.000000;0.000000;0.000000
Adult;458;131;76;121;113;108;104;101;94;92;134;89;86;84;83;81;81;81;79;77;77
Adult;0.014646;0.004189;0.002430;0.003869;0.003614;0.003454;0.003326;0.003230;0.003006;0.002942;0.004285;0.002846;0.002750;0.002686;0.002654;0.002590;0.002590;0.002590;0.002526;0.002462;0.002462
Adult;458;131;76;121;113;108;104;101;94;92;134;89;86;84;83;81;81;81;79;77;77
Adult;0.014646;0.004189;0.002430;0.003869;0.003614;0.003454;0.003326;0.003230;0.003006;0.002942;0.004285;0.002846;0.002750;0.002686;0.002654;0.002590;0.002590;0.002590;0.002526;0.002462;0.002462
Adult;30355;31009;31119;31029;31045;31055;31063;31069;31083;31087;31003;31093;31099;31103;31105;31109;31109;31109;31113;31117;31117
Adult;0.970708;0.991622;0.995139;0.992261;0.992773;0.993093;0.993348;0.993540;0.993988;0.994116;0.991430;0.994308;0.994500;0.994628;0.994692;0.994819;0.994819;0.994819;0.994947;0.995075;0.995075
Adventure;0;0;0;0;0;0;0;0;0;0;0;0;0;0;0;0;0;0;0;0;0
Adventure;0.000000;0.000000;0.000000;0.000000;0.000000;0.000000;0.000000;0.000000;0.000000;0.000000;0.000000;0.000000;0.000000;0.000000;0.000000;0.000000;0.000000;0.000000;0.000000;0.000000;0.000000
Adventure;2416;2304;1704;2289;2173;1836;1634;1596;1589;1602;2313;1612;1624;1640;1639;1650;1654;1668;1678;1685;1690
Adventure;0.077260;0.073678;0.054491;0.073199;0.069489;0.058713;0.052253;0.051038;0.050814;0.051230;0.073966;0.051549;0.051933;0.052445;0.052413;0.052765;0.052892;0.053340;0.053660;0.053884;0.054044
Adventure;2416;2304;1704;2289;2173;1836;1634;1596;1589;1602;2313;1612;1624;1640;1639;1650;1654;1668;1678;1685;1690
Adventure;0.077260;0.073678;0.054491;0.073199;0.069489;0.058713;0.052253;0.051038;0.050814;0.051230;0.073966;0.051549;0.051933;0.052445;0.052413;0.052765;0.052892;0.053340;0.053660;0.053884;0.054044
Adventure;26439;26663;27863;26693;26925;27599;28003;28079;28093;28067;26645;28047;28023;27991;27993;27971;27963;27935;27915;27901;27891
Adventure;0.845480;0.852643;0.891017;0.853602;0.861021;0.882575;0.895494;0.897925;0.898372;0.897541;0.852067;0.896901;0.896134;0.895110;0.895174;0.894471;0.894215;0.893320;0.892680;0.892232;0.891913
Animation;0;0;1;0;0;0;0;0;0;0;0;0;1;1;1;1;1;1;1;1;1
Animation;0.000000;0.000000;0.000032;0.000000;0.000000;0.000000;0.000000;0.000000;0.000000;0.000000;0.000000;0.000000;0.000032;0.000032;0.000032;0.000032;0.000032;0.000032;0.000032;0.000032;0.000032
Animation;1621;719;550;708;708;705;703;704;704;701;724;697;686;678;668;653;631;611;594;583;563
Animation;0.051837;0.022993;0.017588;0.022641;0.022641;0.022545;0.022481;0.022513;0.022513;0.022417;0.023152;0.022289;0.021937;0.021681;0.021362;0.020882;0.020178;0.019539;0.018995;0.018643;0.018004
Animation;1621;719;551;708;708;705;703;704;704;701;724;697;687;679;669;654;632;612;595;584;564
Animation;0.051837;0.022993;0.017620;0.022641;0.022641;0.022545;0.022481;0.022513;0.022513;0.022417;0.023152;0.022289;0.021969;0.021713;0.021394;0.020914;0.020210;0.019571;0.019027;0.018675;0.018036
Animation;28029;29833;30171;29855;29855;29861;29865;29863;29863;29869;29823;29877;29899;29915;29935;29965;30009;30049;30083;30105;30145
Animation;0.896326;0.954015;0.964824;0.954718;0.954718;0.954910;0.955038;0.954974;0.954974;0.955166;0.953695;0.955422;0.956125;0.956637;0.957277;0.958236;0.959643;0.960922;0.962010;0.962713;0.963992
Biography;0;0;0;0;0;0;0;0;0;0;0;0;0;0;0;0;0;0;0;0;0
Biography;0.000000;0.000000;0.000000;0.000000;0.000000;0.000000;0.000000;0.000000;0.000000;0.000000;0.000000;0.000000;0.000000;0.000000;0.000000;0.000000;0.000000;0.000000;0.000000;0.000000;0.000000
Biography;960;944;875;944;943;943;943;942;942;942;945;942;941;940;940;938;936;927;915;908;892
Biography;0.030699;0.030188;0.027981;0.030188;0.030156;0.030156;0.030156;0.030124;0.030124;0.030124;0.030220;0.030124;0.030092;0.030060;0.030060;0.029996;0.029932;0.029644;0.029260;0.029036;0.028525
Biography;960;944;875;944;943;943;943;942;942;942;945;942;941;940;940;938;936;927;915;908;892
Biography;0.030699;0.030188;0.027981;0.030188;0.030156;0.030156;0.030156;0.030124;0.030124;0.030124;0.030220;0.030124;0.030092;0.030060;0.030060;0.029996;0.029932;0.029644;0.029260;0.029036;0.028525
Biography;29351;29383;29521;29383;29385;29385;29385;29387;29387;29387;29381;29387;29389;29391;29391;29395;29399;29417;29441;29455;29487
Biography;0.938601;0.939625;0.944038;0.939625;0.939689;0.939689;0.939689;0.939752;0.939752;0.939752;0.939561;0.939752;0.939816;0.939880;0.939880;0.940008;0.940136;0.940712;0.941479;0.941927;0.942950
Comedy;0;7;45;32;21;35;33;41;32;44;0;40;48;46;53;43;54;46;49;47;54
Comedy;0.000000;0.000224;0.001439;0.001023;0.000672;0.001119;0.001055;0.001311;0.001023;0.001407;0.000000;0.001279;0.001535;0.001471;0.001695;0.001375;0.001727;0.001471;0.001567;0.001503;0.001727
Comedy;8900;5774;3390;2182;4181;2795;3432;2890;3828;2648;6499;3479;3047;3242;2835;3596;2822;3184;3034;3192;2749
Comedy;0.284609;0.184644;0.108407;0.069777;0.133702;0.089380;0.109750;0.092418;0.122414;0.084679;0.207828;0.111253;0.097439;0.103674;0.090659;0.114995;0.090243;0.101820;0.097023;0.102075;0.087909
Comedy;8900;5781;3435;2214;4202;2830;3465;2931;3860;2692;6499;3519;3095;3288;2888;3639;2876;3230;3083;3239;2803
Comedy;0.284609;0.184868;0.109846;0.070800;0.134374;0.090499;0.110806;0.093729;0.123437;0.086086;0.207828;0.112532;0.098973;0.105145;0.092354;0.116370;0.091970;0.103291;0.098590;0.103578;0.089636
Comedy;13471;19723;24491;26907;22909;25681;24407;25491;23615;25975;18273;24313;25177;24787;25601;24079;25627;24903;25203;24887;25773
Comedy;0.430783;0.630712;0.783186;0.860446;0.732596;0.821240;0.780500;0.815164;0.755173;0.830642;0.584343;0.777494;0.805123;0.792651;0.818682;0.770011;0.819513;0.796361;0.805954;0.795849;0.824182
Crime;0;0;0;0;0;0;0;0;0;0;0;0;0;0;0;0;0;0;0;0;0
Crime;0.000000;0.000000;0.000000;0.000000;0.000000;0.000000;0.000000;0.000000;0.000000;0.000000;0.000000;0.000000;0.000000;0.000000;0.000000;0.000000;0.000000;0.000000;0.000000;0.000000;0.000000
Crime;3001;2884;1860;2290;1796;1777;1773;1788;1796;1805;2932;1807;1828;1819;1845;1841;1872;1857;1880;1862;1888
Crime;0.095968;0.092226;0.059480;0.073231;0.057433;0.056826;0.056698;0.057178;0.057433;0.057721;0.093761;0.057785;0.058457;0.058169;0.059000;0.058872;0.059864;0.059384;0.060120;0.059544;0.060375
Crime;3001;2884;1860;2290;1796;1777;1773;1788;1796;1805;2932;1807;1828;1819;1845;1841;1872;1857;1880;1862;1888
Crime;0.095968;0.092226;0.059480;0.073231;0.057433;0.056826;0.056698;0.057178;0.057433;0.057721;0.093761;0.057785;0.058457;0.058169;0.059000;0.058872;0.059864;0.059384;0.060120;0.059544;0.060375
Crime;25269;25503;27551;26691;27679;27717;27725;27695;27679;27661;25407;27657;27615;27633;27581;27589;27527;27557;27511;27547;27495
Crime;0.808065;0.815548;0.881040;0.853538;0.885133;0.886348;0.886604;0.885645;0.885133;0.884558;0.812478;0.884430;0.883087;0.883662;0.881999;0.882255;0.880272;0.881232;0.879761;0.880912;0.879249
Documentary;0;3;5;4;5;6;6;6;6;6;0;5;5;5;5;5;5;5;5;5;5
Documentary;0.000000;0.000096;0.000160;0.000128;0.000160;0.000192;0.000192;0.000192;0.000192;0.000192;0.000000;0.000160;0.000160;0.000160;0.000160;0.000160;0.000160;0.000160;0.000160;0.000160;0.000160
Documentary;3593;2148;825;1482;1194;1038;991;955;932;923;2728;904;887;878;868;858;851;850;847;838;837
Documentary;0.114899;0.068690;0.026382;0.047392;0.038182;0.033194;0.031691;0.030539;0.029804;0.029516;0.087237;0.028909;0.028365;0.028077;0.027757;0.027438;0.027214;0.027182;0.027086;0.026798;0.026766
Documentary;3593;2151;830;1486;1199;1044;997;961;938;929;2728;909;892;883;873;863;856;855;852;843;842
Documentary;0.114899;0.068786;0.026542;0.047520;0.038342;0.033386;0.031883;0.030731;0.029996;0.029708;0.087237;0.029068;0.028525;0.028237;0.027917;0.027597;0.027374;0.027342;0.027246;0.026958;0.026926
Documentary;24085;26975;29621;28307;28883;29195;29289;29361;29407;29425;25815;29463;29497;29515;29535;29555;29569;29571;29577;29595;29597
Documentary;0.770202;0.862620;0.947235;0.905216;0.923635;0.933613;0.936619;0.938921;0.940392;0.940968;0.825525;0.942183;0.943270;0.943846;0.944485;0.945125;0.945573;0.945637;0.945828;0.946404;0.946468
Drama;0;1598;970;453;1428;651;1244;741;1076;817;145;1159;659;1155;828;954;902;1045;771;1090;837
Drama;0.000000;0.051102;0.031019;0.014486;0.045665;0.020818;0.039781;0.023696;0.034409;0.026126;0.004637;0.037063;0.021074;0.036935;0.026478;0.030507;0.028845;0.033418;0.024655;0.034857;0.026766
Drama;13288;631;1156;1739;747;1571;926;1459;1067;1354;1778;979;1556;981;1349;1189;1255;1084;1432;1017;1320
Drama;0.424930;0.020178;0.036967;0.055611;0.023888;0.050238;0.029612;0.046657;0.034121;0.043299;0.056858;0.031307;0.049759;0.031371;0.043139;0.038022;0.040133;0.034665;0.045793;0.032522;0.042212
Drama;13288;2229;2126;2192;2175;2222;2170;2200;2143;2171;1923;2138;2215;2136;2177;2143;2157;2129;2203;2107;2157
Drama;0.424930;0.071280;0.067986;0.070097;0.069553;0.071056;0.069393;0.070353;0.068530;0.069425;0.061495;0.068370;0.070832;0.068306;0.069617;0.068530;0.068978;0.068082;0.070449;0.067379;0.068978
Drama;4695;30009;28959;27793;29777;28129;29419;28353;29137;28563;27715;29313;28159;29309;28573;28893;28761;29103;28407;29237;28631
Drama;0.150139;0.959643;0.926066;0.888779;0.952224;0.899524;0.940776;0.906687;0.931758;0.913402;0.886284;0.937386;0.900483;0.937258;0.913722;0.923955;0.919734;0.930671;0.908414;0.934956;0.915577
Family;0;0;5;0;1;1;1;2;2;4;0;4;4;4;5;5;5;5;5;5;5
Family;0.000000;0.000000;0.000160;0.000000;0.000032;0.000032;0.000032;0.000064;0.000064;0.000128;0.000000;0.000128;0.000128;0.000128;0.000160;0.000160;0.000160;0.000160;0.000160;0.000160;0.000160
Family;2150;1583;1200;1581;1578;1569;1550;1497;1379;1244;1585;1192;1181;1183;1182;1179;1184;1179;1185;1194;1202
Family;0.068754;0.050622;0.038374;0.050558;0.050462;0.050174;0.049567;0.047872;0.044098;0.039781;0.050686;0.038118;0.037767;0.037831;0.037799;0.037703;0.037863;0.037703;0.037895;0.038182;0.038438
Family;2150;1583;1205;1581;1579;1570;1551;1499;1381;1248;1585;1196;1185;1187;1187;1184;1189;1184;1190;1199;1207
Family;0.068754;0.050622;0.038534;0.050558;0.050494;0.050206;0.049599;0.047936;0.044162;0.039909;0.050686;0.038246;0.037895;0.037958;0.037958;0.037863;0.038022;0.037863;0.038054;0.038342;0.038598
Family;26971;28105;28871;28109;28115;28133;28171;28277;28513;28783;28101;28887;28909;28905;28907;28913;28903;28913;28901;28883;28867
Family;0.862492;0.898756;0.923252;0.898884;0.899076;0.899651;0.900867;0.904256;0.911803;0.920437;0.898628;0.923763;0.924467;0.924339;0.924403;0.924595;0.924275;0.924595;0.924211;0.923635;0.923124
Fantasy;0;0;0;0;0;0;0;0;0;0;0;0;0;0;0;0;0;0;0;0;0
Fantasy;0.000000;0.000000;0.000000;0.000000;0.000000;0.000000;0.000000;0.000000;0.000000;0.000000;0.000000;0.000000;0.000000;0.000000;0.000000;0.000000;0.000000;0.000000;0.000000;0.000000;0.000000
Fantasy;1512;1473;1102;1472;1469;1468;1465;1454;1437;1401;1477;1354;1288;1215;1157;1125;1108;1105;1101;1102;1099
Fantasy;0.048352;0.047104;0.035240;0.047072;0.046976;0.046944;0.046849;0.046497;0.045953;0.044802;0.047232;0.043299;0.041188;0.038854;0.036999;0.035976;0.035432;0.035336;0.035208;0.035240;0.035144
Fantasy;1512;1473;1102;1472;1469;1468;1465;1454;1437;1401;1477;1354;1288;1215;1157;1125;1108;1105;1101;1102;1099
Fantasy;0.048352;0.047104;0.035240;0.047072;0.046976;0.046944;0.046849;0.046497;0.045953;0.044802;0.047232;0.043299;0.041188;0.038854;0.036999;0.035976;0.035432;0.035336;0.035208;0.035240;0.035144
Fantasy;28247;28325;29067;28327;28333;28335;28341;28363;28397;28469;28317;28563;28695;28841;28957;29021;29055;29061;29069;29067;29073
Fantasy;0.903297;0.905791;0.929519;0.905855;0.906047;0.906111;0.906303;0.907006;0.908094;0.910396;0.905535;0.913402;0.917623;0.922292;0.926002;0.928048;0.929136;0.929327;0.929583;0.929519;0.929711
History;0;0;0;0;0;0;0;0;0;0;0;0;0;0;0;0;0;0;0;0;0
History;0.000000;0.000000;0.000000;0.000000;0.000000;0.000000;0.000000;0.000000;0.000000;0.000000;0.000000;0.000000;0.000000;0.000000;0.000000;0.000000;0.000000;0.000000;0.000000;0.000000;0.000000
History;1015;998;860;999;998;999;998;998;997;997;999;995;992;983;971;963;946;931;919;901;876
History;0.032458;0.031915;0.027502;0.031947;0.031915;0.031947;0.031915;0.031915;0.031883;0.031883;0.031947;0.031819;0.031723;0.031435;0.031051;0.030795;0.030252;0.029772;0.029388;0.028813;0.028013
History;1015;998;860;999;998;999;998;998;997;997;999;995;992;983;971;963;946;931;919;901;876
History;0.032458;0.031915;0.027502;0.031947;0.031915;0.031947;0.031915;0.031915;0.031883;0.031883;0.031947;0.031819;0.031723;0.031435;0.031051;0.030795;0.030252;0.029772;0.029388;0.028813;0.028013
History;29241;29275;29551;29273;29275;29273;29275;29275;29277;29277;29273;29281;29287;29305;29329;29345;29379;29409;29433;29469;29519
History;0.935084;0.936171;0.944997;0.936107;0.936171;0.936107;0.936171;0.936171;0.936235;0.936235;0.936107;0.936363;0.936555;0.937130;0.937898;0.938409;0.939497;0.940456;0.941223;0.942375;0.943974
Horror;0;0;4;0;1;2;2;4;4;4;0;4;4;4;4;4;4;4;4;4;4
Horror;0.000000;0.000000;0.000128;0.000000;0.000032;0.000064;0.000064;0.000128;0.000128;0.000128;0.000000;0.000128;0.000128;0.000128;0.000128;0.000128;0.000128;0.000128;0.000128;0.000128;0.000128
Horror;2820;2421;1099;2374;2012;1429;1240;1204;1187;1168;2452;1160;1140;1133;1130;1120;1119;1111;1110;1104;1106
Horror;0.090179;0.077420;0.035144;0.075917;0.064341;0.045697;0.039653;0.038502;0.037958;0.037351;0.078411;0.037095;0.036456;0.036232;0.036136;0.035816;0.035784;0.035528;0.035496;0.035304;0.035368
Horror;2820;2421;1103;2374;2013;1431;1242;1208;1191;1172;2452;1164;1144;1137;1134;1124;1123;1115;1114;1108;1110
Horror;0.090179;0.077420;0.035272;0.075917;0.064373;0.045761;0.039717;0.038630;0.038086;0.037479;0.078411;0.037223;0.036583;0.036360;0.036264;0.035944;0.035912;0.035656;0.035624;0.035432;0.035496
Horror;25631;26429;29073;26523;27247;28413;28791;28863;28897;28935;26367;28951;28991;29005;29011;29031;29033;29049;29051;29063;29059
Horror;0.819641;0.845160;0.929711;0.848166;0.871318;0.908605;0.920693;0.922996;0.924083;0.925298;0.843177;0.925810;0.927089;0.927537;0.927729;0.928368;0.928432;0.928944;0.929008;0.929391;0.929264
Music;0;0;2;0;0;0;0;0;0;1;0;2;2;2;2;2;2;2;2;2;2
Music;0.000000;0.000000;0.000064;0.000000;0.000000;0.000000;0.000000;0.000000;0.000000;0.000032;0.000000;0.000064;0.000064;0.000064;0.000064;0.000064;0.000064;0.000064;0.000064;0.000064;0.000064
Music;1328;1173;792;1158;1147;1138;1114;1093;1077;1061;1185;1030;996;961;943;922;905;883;860;835;812
Music;0.042467;0.037511;0.025327;0.037031;0.036679;0.036392;0.035624;0.034953;0.034441;0.033929;0.037895;0.032938;0.031851;0.030731;0.030156;0.029484;0.028941;0.028237;0.027502;0.026702;0.025967
Music;1328;1173;794;1158;1147;1138;1114;1093;1077;1062;1185;1032;998;963;945;924;907;885;862;837;814
Music;0.042467;0.037511;0.025391;0.037031;0.036679;0.036392;0.035624;0.034953;0.034441;0.033961;0.037895;0.033002;0.031915;0.030795;0.030220;0.029548;0.029005;0.028301;0.027565;0.026766;0.026031
Music;28615;28925;29687;28955;28977;28995;29043;29085;29117;29149;28901;29211;29279;29349;29385;29427;29461;29505;29551;29601;29647
Music;0.915065;0.924978;0.949346;0.925938;0.926641;0.927217;0.928752;0.930095;0.931118;0.932142;0.924211;0.934124;0.936299;0.938537;0.939689;0.941032;0.942119;0.943526;0.944997;0.946596;0.948067
Musical;0;0;0;0;0;0;0;0;0;0;0;0;0;0;0;0;0;0;0;0;0
Musical;0.000000;0.000000;0.000000;0.000000;0.000000;0.000000;0.000000;0.000000;0.000000;0.000000;0.000000;0.000000;0.000000;0.000000;0.000000;0.000000;0.000000;0.000000;0.000000;0.000000;0.000000
Musical;827;814;797;814;814;814;814;814;814;814;814;814;814;814;812;812;810;806;803;803;801
Musical;0.026446;0.026031;0.025487;0.026031;0.026031;0.026031;0.026031;0.026031;0.026031;0.026031;0.026031;0.026031;0.026031;0.026031;0.025967;0.025967;0.025903;0.025775;0.025679;0.025679;0.025615
Musical;827;814;797;814;814;814;814;814;814;814;814;814;814;814;812;812;810;806;803;803;801
Musical;0.026446;0.026031;0.025487;0.026031;0.026031;0.026031;0.026031;0.026031;0.026031;0.026031;0.026031;0.026031;0.026031;0.026031;0.025967;0.025967;0.025903;0.025775;0.025679;0.025679;0.025615
Musical;29617;29643;29677;29643;29643;29643;29643;29643;29643;29643;29643;29643;29643;29643;29647;29647;29651;29659;29665;29665;29669
Musical;0.947108;0.947939;0.949026;0.947939;0.947939;0.947939;0.947939;0.947939;0.947939;0.947939;0.947939;0.947939;0.947939;0.947939;0.948067;0.948067;0.948195;0.948451;0.948643;0.948643;0.948770
Mystery;0;0;0;0;0;0;0;0;0;0;0;0;0;0;0;0;0;0;0;0;0
Mystery;0.000000;0.000000;0.000000;0.000000;0.000000;0.000000;0.000000;0.000000;0.000000;0.000000;0.000000;0.000000;0.000000;0.000000;0.000000;0.000000;0.000000;0.000000;0.000000;0.000000;0.000000
Mystery;1866;1849;1431;1847;1846;1826;1760;1626;1472;1398;1849;1380;1378;1389;1395;1404;1413;1414;1425;1425;1428
Mystery;0.059672;0.059128;0.045761;0.059064;0.059032;0.058393;0.056282;0.051997;0.047072;0.044706;0.059128;0.044130;0.044066;0.044418;0.044610;0.044898;0.045186;0.045218;0.045569;0.045569;0.045665
Mystery;1866;1849;1431;1847;1846;1826;1760;1626;1472;1398;1849;1380;1378;1389;1395;1404;1413;1414;1425;1425;1428
Mystery;0.059672;0.059128;0.045761;0.059064;0.059032;0.058393;0.056282;0.051997;0.047072;0.044706;0.059128;0.044130;0.044066;0.044418;0.044610;0.044898;0.045186;0.045218;0.045569;0.045569;0.045665
Mystery;27539;27573;28409;27577;27579;27619;27751;28019;28327;28475;27573;28511;28515;28493;28481;28463;28445;28443;28421;28421;28415
Mystery;0.880656;0.881743;0.908478;0.881871;0.881935;0.883214;0.887436;0.896006;0.905855;0.910588;0.881743;0.911739;0.911867;0.911164;0.910780;0.910204;0.909629;0.909565;0.908861;0.908861;0.908669
News;0;0;0;0;0;0;0;0;0;0;0;0;0;0;0;0;0;0;0;0;0
News;0.000000;0.000000;0.000000;0.000000;0.000000;0.000000;0.000000;0.000000;0.000000;0.000000;0.000000;0.000000;0.000000;0.000000;0.000000;0.000000;0.000000;0.000000;0.000000;0.000000;0.000000
News;145;142;142;142;142;142;142;142;142;142;142;142;142;142;142;142;142;142;142;142;142
News;0.004637;0.004541;0.004541;0.004541;0.004541;0.004541;0.004541;0.004541;0.004541;0.004541;0.004541;0.004541;0.004541;0.004541;0.004541;0.004541;0.004541;0.004541;0.004541;0.004541;0.004541
News;145;142;142;142;142;142;142;142;142;142;142;142;142;142;142;142;142;142;142;142;142
News;0.004637;0.004541;0.004541;0.004541;0.004541;0.004541;0.004541;0.004541;0.004541;0.004541;0.004541;0.004541;0.004541;0.004541;0.004541;0.004541;0.004541;0.004541;0.004541;0.004541;0.004541
News;30981;30987;30987;30987;30987;30987;30987;30987;30987;30987;30987;30987;30987;30987;30987;30987;30987;30987;30987;30987;30987
News;0.990726;0.990918;0.990918;0.990918;0.990918;0.990918;0.990918;0.990918;0.990918;0.990918;0.990918;0.990918;0.990918;0.990918;0.990918;0.990918;0.990918;0.990918;0.990918;0.990918;0.990918
Reality-TV;0;0;0;0;0;0;0;0;0;0;0;0;0;0;0;0;0;0;0;0;0
Reality-TV;0.000000;0.000000;0.000000;0.000000;0.000000;0.000000;0.000000;0.000000;0.000000;0.000000;0.000000;0.000000;0.000000;0.000000;0.000000;0.000000;0.000000;0.000000;0.000000;0.000000;0.000000
Reality-TV;118;114;114;114;114;114;114;114;114;114;114;114;114;114;114;114;114;114;114;114;114
Reality-TV;0.003773;0.003646;0.003646;0.003646;0.003646;0.003646;0.003646;0.003646;0.003646;0.003646;0.003646;0.003646;0.003646;0.003646;0.003646;0.003646;0.003646;0.003646;0.003646;0.003646;0.003646
Reality-TV;118;114;114;114;114;114;114;114;114;114;114;114;114;114;114;114;114;114;114;114;114
Reality-TV;0.003773;0.003646;0.003646;0.003646;0.003646;0.003646;0.003646;0.003646;0.003646;0.003646;0.003646;0.003646;0.003646;0.003646;0.003646;0.003646;0.003646;0.003646;0.003646;0.003646;0.003646
Reality-TV;31035;31043;31043;31043;31043;31043;31043;31043;31043;31043;31043;31043;31043;31043;31043;31043;31043;31043;31043;31043;31043
Reality-TV;0.992453;0.992709;0.992709;0.992709;0.992709;0.992709;0.992709;0.992709;0.992709;0.992709;0.992709;0.992709;0.992709;0.992709;0.992709;0.992709;0.992709;0.992709;0.992709;0.992709;0.992709
Romance;0;1;3;1;1;3;3;3;3;3;0;3;3;3;3;3;3;3;3;3;3
Romance;0.000000;0.000032;0.000096;0.000032;0.000032;0.000096;0.000096;0.000096;0.000096;0.000096;0.000000;0.000096;0.000096;0.000096;0.000096;0.000096;0.000096;0.000096;0.000096;0.000096;0.000096
Romance;4169;2846;2888;2837;2869;2968;2883;3117;2967;3056;4070;2908;3179;2961;3057;2942;3163;2916;3038;2969;3128
Romance;0.133318;0.091011;0.092354;0.090723;0.091746;0.094912;0.092194;0.099677;0.094880;0.097726;0.130153;0.092994;0.101660;0.094688;0.097758;0.094081;0.101148;0.093249;0.097151;0.094944;0.100029
Romance;4169;2847;2891;2838;2870;2971;2886;3120;2970;3059;4070;2911;3182;2964;3060;2945;3166;2919;3041;2972;3131
Romance;0.133318;0.091043;0.092450;0.090755;0.091778;0.095008;0.092290;0.099773;0.094976;0.097822;0.130153;0.093089;0.101756;0.094784;0.097854;0.094177;0.101244;0.093345;0.097247;0.095040;0.100125
Romance;22933;25579;25495;25597;25533;25335;25505;25037;25337;25159;23131;25455;24913;25349;25157;25387;24945;25439;25195;25333;25015
Romance;0.733363;0.817978;0.815292;0.818554;0.816507;0.810176;0.815612;0.800646;0.810240;0.804547;0.739695;0.814013;0.796681;0.810623;0.804483;0.811838;0.797704;0.813501;0.805699;0.810112;0.799942
Sci-Fi;0;0;0;0;0;0;0;0;0;0;0;0;0;0;0;0;0;0;0;0;0
Sci-Fi;0.000000;0.000000;0.000000;0.000000;0.000000;0.000000;0.000000;0.000000;0.000000;0.000000;0.000000;0.000000;0.000000;0.000000;0.000000;0.000000;0.000000;0.000000;0.000000;0.000000;0.000000
Sci-Fi;1783;1637;876;1624;1593;1547;1454;1357;1242;1120;1654;1033;974;931;915;900;894;894;884;880;878
Sci-Fi;0.057018;0.052349;0.028013;0.051933;0.050942;0.049471;0.046497;0.043395;0.039717;0.035816;0.052892;0.033034;0.031147;0.029772;0.029260;0.028781;0.028589;0.028589;0.028269;0.028141;0.028077
Sci-Fi;1783;1637;876;1624;1593;1547;1454;1357;1242;1120;1654;1033;974;931;915;900;894;894;884;880;878
Sci-Fi;0.057018;0.052349;0.028013;0.051933;0.050942;0.049471;0.046497;0.043395;0.039717;0.035816;0.052892;0.033034;0.031147;0.029772;0.029260;0.028781;0.028589;0.028589;0.028269;0.028141;0.028077
Sci-Fi;27705;27997;29519;28023;28085;28177;28363;28557;28787;29031;27963;29205;29323;29409;29441;29471;29483;29483;29503;29511;29515
Sci-Fi;0.885965;0.895302;0.943974;0.896134;0.898116;0.901058;0.907006;0.913210;0.920565;0.928368;0.894215;0.933932;0.937706;0.940456;0.941479;0.942439;0.942822;0.942822;0.943462;0.943718;0.943846
Sport;0;0;2;0;0;0;0;0;0;0;0;0;0;0;1;2;2;2;2;2;2
Sport;0.000000;0.000000;0.000064;0.000000;0.000000;0.000000;0.000000;0.000000;0.000000;0.000000;0.000000;0.000000;0.000000;0.000000;0.000032;0.000064;0.000064;0.000064;0.000064;0.000064;0.000064
Sport;709;589;543;586;581;581;581;581;579;580;589;579;578;575;573;570;565;558;551;549;548
Sport;0.022673;0.018835;0.017364;0.018739;0.018580;0.018580;0.018580;0.018580;0.018516;0.018548;0.018835;0.018516;0.018484;0.018388;0.018324;0.018228;0.018068;0.017844;0.017620;0.017556;0.017524
Sport;709;589;545;586;581;581;581;581;579;580;589;579;578;575;574;572;567;560;553;551;550
Sport;0.022673;0.018835;0.017428;0.018739;0.018580;0.018580;0.018580;0.018580;0.018516;0.018548;0.018835;0.018516;0.018484;0.018388;0.018356;0.018292;0.018132;0.017908;0.017684;0.017620;0.017588
Sport;29853;30093;30185;30099;30109;30109;30109;30109;30113;30111;30093;30113;30115;30121;30125;30131;30141;30155;30169;30173;30175
Sport;0.954654;0.962329;0.965271;0.962521;0.962841;0.962841;0.962841;0.962841;0.962969;0.962905;0.962329;0.962969;0.963033;0.963225;0.963353;0.963544;0.963864;0.964312;0.964760;0.964888;0.964952
Thriller;0;1;3;2;2;1;2;2;3;2;0;2;1;2;2;2;2;2;2;2;3
Thriller;0.000000;0.000032;0.000096;0.000064;0.000064;0.000032;0.000064;0.000064;0.000096;0.000064;0.000000;0.000064;0.000032;0.000064;0.000064;0.000064;0.000064;0.000064;0.000064;0.000064;0.000096
Thriller;4017;2492;2523;2633;2627;2757;2644;2811;2621;2754;3898;2640;2832;2626;2684;2576;2757;2589;2640;2536;2713
Thriller;0.128458;0.079690;0.080682;0.084199;0.084008;0.088165;0.084551;0.089892;0.083816;0.088069;0.124652;0.084423;0.090563;0.083976;0.085830;0.082377;0.088165;0.082792;0.084423;0.081098;0.086758
Thriller;4017;2493;2526;2635;2629;2758;2646;2813;2624;2756;3898;2642;2833;2628;2686;2578;2759;2591;2642;2538;2716
Thriller;0.128458;0.079722;0.080778;0.084263;0.084072;0.088197;0.084615;0.089956;0.083912;0.088133;0.124652;0.084487;0.090595;0.084040;0.085894;0.082441;0.088229;0.082856;0.084487;0.081161;0.086854
Thriller;23237;26287;26225;26005;26017;25757;25983;25649;26029;25763;23475;25991;25607;26019;25903;26119;25757;26093;25991;26199;25845
Thriller;0.743085;0.840619;0.838636;0.831601;0.831985;0.823670;0.830898;0.820217;0.832369;0.823862;0.750696;0.831153;0.818874;0.832049;0.828339;0.835247;0.823670;0.834415;0.831153;0.837805;0.826485
War;0;0;0;0;0;0;0;0;0;0;0;0;0;0;0;0;0;0;0;0;0
War;0.000000;0.000000;0.000000;0.000000;0.000000;0.000000;0.000000;0.000000;0.000000;0.000000;0.000000;0.000000;0.000000;0.000000;0.000000;0.000000;0.000000;0.000000;0.000000;0.000000;0.000000
War;1088;990;622;980;965;951;939;918;895;871;1008;834;813;781;758;725;704;685;671;651;639
War;0.034793;0.031659;0.019891;0.031339;0.030859;0.030412;0.030028;0.029356;0.028621;0.027853;0.032234;0.026670;0.025999;0.024975;0.024240;0.023184;0.022513;0.021905;0.021458;0.020818;0.020434
War;1088;990;622;980;965;951;939;918;895;871;1008;834;813;781;758;725;704;685;671;651;639
War;0.034793;0.031659;0.019891;0.031339;0.030859;0.030412;0.030028;0.029356;0.028621;0.027853;0.032234;0.026670;0.025999;0.024975;0.024240;0.023184;0.022513;0.021905;0.021458;0.020818;0.020434
War;29095;29291;30027;29311;29341;29369;29393;29435;29481;29529;29255;29603;29645;29709;29755;29821;29863;29901;29929;29969;29993
War;0.930415;0.936683;0.960219;0.937322;0.938281;0.939177;0.939944;0.941287;0.942758;0.944293;0.935531;0.946660;0.948003;0.950050;0.951521;0.953631;0.954974;0.956189;0.957085;0.958364;0.959131
Western;0;0;1;0;0;0;0;0;0;0;0;0;0;0;0;0;0;0;0;1;1
Western;0.000000;0.000000;0.000032;0.000000;0.000000;0.000000;0.000000;0.000000;0.000000;0.000000;0.000000;0.000000;0.000000;0.000000;0.000000;0.000000;0.000000;0.000000;0.000000;0.000032;0.000032
Western;1302;644;349;634;620;604;586;555;532;514;655;495;470;452;429;411;395;380;370;362;356
Western;0.041636;0.020594;0.011161;0.020274;0.019827;0.019315;0.018739;0.017748;0.017013;0.016437;0.020946;0.015829;0.015030;0.014454;0.013719;0.013143;0.012632;0.012152;0.011832;0.011576;0.011384
Western;1302;644;350;634;620;604;586;555;532;514;655;495;470;452;429;411;395;380;370;363;357
Western;0.041636;0.020594;0.011192;0.020274;0.019827;0.019315;0.018739;0.017748;0.017013;0.016437;0.020946;0.015829;0.015030;0.014454;0.013719;0.013143;0.012632;0.012152;0.011832;0.011608;0.011416
Western;28667;29983;30573;30003;30031;30063;30099;30161;30207;30243;29961;30281;30331;30367;30413;30449;30481;30511;30531;30547;30559
Western;0.916728;0.958812;0.977679;0.959451;0.960347;0.961370;0.962521;0.964504;0.965975;0.967126;0.958108;0.968341;0.969940;0.971091;0.972562;0.973714;0.974737;0.975696;0.976336;0.976848;0.977231
